日時,名称,PF,トピック,起源,背景,影響
2026-08-01 04:45,蓮舫「2番じゃダメ」再燃,N/A,"政治,インターネット文化",2009年事業仕分けでの発言,都知事選出馬表明で過去発言が再注目,ネット上で賛否両論、パロディも散見
2026-08-01 04:45,AI生成画像明示問題,N/A,"テクノロジー,倫理,アート",AI画像生成技術の進化と普及,高精度AI画像の増加で真贋や著作権が問題に,投稿者への明示要求、議論が活発化
2026-08-01 04:45,猫ミーム,N/A,"動物,インターネット文化",海外の猫動画、日本のSNSで定着,様々な猫のリアクション動画を組み合わせる,多くのユーザーがパロディ動画を制作・投稿
2026-08-01 04:45,定額減税の混乱,N/A,"経済,政治,日常",6月からの定額減税開始,制度の複雑さからSNSで疑問や誤解が拡散,多くのユーザーが情報交換、解説ポスト増加
2026-08-01 04:45,怪獣８号アニメ,N/A,"アニメ,エンターテイメント",アニメ「怪獣８号」放送中,漫画原作の人気、アニメ化で注目度上昇,毎週の放送後、SNSで感想や考察が活発
2026-08-02 03:54,猫ミーム,N/A,"動物,コメディ,動画",海外の短尺動画、日本のSNSで再流行,様々な猫の動画にBGMやテロップを付けた短尺動画,多くのユーザーがパロディ動画を制作し拡散
2026-08-02 03:54,ずんだもん構文,N/A,"キャラクター,言語,コメディ",音声合成ソフト「VOICEROID」のキャラクター,ずんだもんが語尾に「のだ」を付けて解説する独特な話し方,ネット上でパロディや解説動画が多数作成され流行
2026-08-02 03:54,AIアバター,N/A,"テクノロジー,自己表現,画像",AI画像生成技術の進化、アプリの登場,写真からAIが様々なスタイルのアバターを生成する,多くのユーザーがSNSでアバターを共有し、流行
2026-08-02 04:20,お前は誰だ,N/A,"AI,ユーモア,インターネット",AI生成画像コンテンツ,AI生成物の奇妙さや不完全さへの言及,多くのユーザーがAI画像と共に投稿、大喜利化
2026-08-02 04:20,ドミノピザ無料,N/A,"飲食,キャンペーン,社会現象",ドミノ・ピザのキャンペーン告知,無料クーポン抽選もアクセス集中で混乱,期待と失望の声がSNSに溢れ、大きな話題に
2026-08-03 04:21,猫ミーム,N/A,"動物,ユーモア,インターネット",海外発の猫動画を元にしたミーム,日常の出来事を猫の表情や動きで表現する,多数の派生動画が生まれ、SNSで人気を維持
2026-08-03 04:21,#これ見た人は来年の目標を言う,N/A,"インターネット,日常,自己啓発",X(旧Twitter)発祥の定期的なハッシュタグ,年末年始に流行するタグが時期外れに再燃,ユーザーが目標を共有し、共感や交流を生む
2026-08-03 04:21,おぱんちゅうさぎ,N/A,"キャラクター,アート,日常",可哀想に！氏が描くSNS発のキャラクター,不幸な目に遭いがちなウサギの姿が共感を呼ぶ,
2026-08-04 04:47,定額減税通知書,N/A,"政治,経済,社会",政府の定額減税制度,6月からの実施に伴い通知書が送付され混乱。,制度内容や詐欺への注意喚起がSNSで拡散。
2026-08-04 04:47,のんでるの？(サントリーCM),N/A,"広告,エンタメ",サントリー天然水CM,あのちゃんとヒコロヒーのやり取りが話題に。,CMのセリフがSNSで真似され、拡散。
2026-08-04 04:47,ちいかわ飯店ドリンクスタンド,N/A,"キャラクター,飲食,イベント",ちいかわ公式イベント,新店舗オープンでファンが殺到し話題に。,長蛇の列や品切れがSNSで報告され注目。
2026-08-05 04:46,蓮舫氏ポスターパロディ,N/A,"政治,インターネット文化",蓮舫氏の都知事選ポスター,ポスターの背景色やデザインが特徴的で、真似る投稿が拡散。,Xを中心に多様なパロディ画像が生成され、大きな話題に。
2026-08-05 04:46,鬼滅の刃 柱稽古編,N/A,"アニメ,エンターテイメント",アニメ「鬼滅の刃 柱稽古編」放送,新エピソードが放送されるたび、Xなどで関連ワードがトレンド入り。,視聴者の感想や考察が活発に投稿され、毎週大きな話題に。
2026-08-05 04:46,GABURI スイカ フラペチーノ,N/A,"グルメ,ドリンク",スターバックスの期間限定新商品,スイカをテーマにしたフラペチーノで、夏らしい見た目と味が話題。,発売前から期待、発売後は実食報告が多数投稿され人気。
2026-08-06 04:46,プロテインザス,N/A,"ミーム,言葉遊び,TikTok",TikTokユーザーの投稿,「プロテインザバス」を早口で言うと「プロテインザス」になる現象,多くのユーザーが挑戦し、動画投稿が拡散。SNSで話題に。
2026-08-06 04:46,きゅうりパック,N/A,"美容,TikTok,コメディ",TikTokユーザーの美容動画,顔にきゅうりを貼り付け、特定のBGMで変顔をする動画,若年層を中心に真似する動画が多数投稿され、流行。
2026-08-06 04:46,#お前らがもう忘れたもの,N/A,"懐かしネタ,記憶,ハッシュタグ",X (旧Twitter) のハッシュタグ,流行したが今は忘れ去られた物事を投稿するハッシュタグ,多くのユーザーが参加し、懐かしい話題で盛り上がりトレンド入り。
2026-08-07 09:09,猫ミーム,N/A,"動物,動画,日常",海外の様々な猫動画,感情豊かな猫動画を日常の出来事に合わせ編集,共感や笑いを誘い、多様なシチュエーションで拡散
2026-08-07 09:09,ずんだもん,N/A,"キャラクター,AI,解説",東北ずん子プロジェクト,AI音声合成ソフトの普及で解説・ネタ動画に多用,親しみやすい声で、様々な情報を分かりやすく伝える
2026-08-07 09:09,蛇化現象,N/A,"恋愛,心理,流行語",蛙化現象の対義語としてSNSで発生,相手の全てを肯定的に捉える恋愛心理,恋愛観を語る際に使われ、共感や議論を呼ぶ
2026-08-07 09:09,おぱんちゅううさぎ,N/A,"キャラクター,グッズ,日常",イラストレーター「可哀想に！」,不幸な目に遭いがちな姿が共感を呼び人気,グッズやコラボカフェが人気で、SNSで日常的に話題
2026-08-08 04:06,〇〇はどこ？構文,N/A,"コメディ,日常,インターネット",TikTokやXで特定の動画が拡散されたのがきっかけ。,あるべきものがない状況を「〇〇はどこ？」と問いかけ表現。,多くのユーザーが様々なシチュエーションで応用し拡散。
2026-08-08 04:06,きゅるきゅる,N/A,"動物,かわいい,TikTok",TikTokで可愛い動物の動画に添えられる効果音やBGM。,愛らしい仕草をする動物に合わせて使われ、可愛さを強調。,多くのユーザーが自分のペット動画などで使用し、拡散。
2026-08-08 04:06,うちの子が一番,N/A,"ペット,親バカ,日常",SNS上で、自分のペットや子供の可愛さをアピールする投稿。,自分の愛する対象が世界で一番可愛いという親バカ的愛情表現。,多くの飼い主や親が共感し、自分の「一番」を誇る投稿が拡散。
2026-08-09 03:49,冨岡義勇の絡み,N/A,"アニメ,鬼滅の刃",アニメ「鬼滅の刃 柱稽古編」第1話,義勇が他の柱との交流を拒む様子が話題に,彼の孤立や反応を巡るネタがSNSで拡散
2026-08-09 03:49,五月病ネタ,N/A,"日常,季節の話題",ゴールデンウィーク明けの疲労感やモチベーション低下,5月病をテーマにした共感性の高い投稿が多数,多くのユーザーが自身の体験を共有し、共感を呼ぶ
2026-08-09 03:49,#お前らがもう一度見たいアニメ,N/A,"アニメ,懐かし",Xでのハッシュタグ投稿,ユーザーが好きなアニメを挙げ、再視聴を願う企画,多くの作品名がトレンド入りし、アニメファン間で盛り上がる
2026-08-09 03:49,可愛い君が愛おしい,N/A,"音楽,ダンス,TikTok",HoneyWorksの楽曲「可愛い君が愛おしい」,楽曲に合わせた振り付けやポーズ動画が流行,多くのユーザーが楽曲を使用し、可愛らしい動画を投稿
2026-08-10 03:52,蓮舫氏のポスター,N/A,"政治,デザイン,パロディ",蓮舫氏の都知事選ポスター発表,「無駄をなくす」スローガンと白背景のシンプルデザインが話題に,デザインの賛否、パロディ画像やコラージュが多数作成された
2026-08-10 03:52,都知事選ポスター掲示板,N/A,"政治,選挙,社会問題",東京都知事選のポスター掲示板が設置,多数の候補者と個性的なポスターが並び壮観と話題,掲示板の様子がSNSで拡散、候補者の多様性が注目された
2026-08-10 03:52,AI加工アプリ,N/A,"AI,写真,美容",特定のAI写真加工アプリの流行,自分の写真をAIで加工し、別人のような姿になるのが話題,遊びとして楽しむ人多数、現実とのギャップも議論された
